"Sobretudo preto feminino","sobretudo feminino"
"Televisor Sony Bravia","televisor"
"Camiseta - Sagrado Coração de Jesus - Masculina","camiseta masculina"
"Camiseta - Sagrado Coração de Jesus - Feminina","camiseta femenina"
"Vestido Longo 2013/28","vestido"
"Bolsa YW","bolsa"
"Blusa rendada tie dye 2013/12","blusa"
"Echarpe 2013/49","echarpe"
"Blusa TW 2013/20","blusa"
"Echarpe 2013/47","echarpe"
"Vestido Longo 2013/26","vestido"
"Cinto Masculino Dupla Face 100% Couro Legítimo","cinto"
"Cinto de Couro Soleta com Dupla Costura na Lateral","cinto"
"Cinto, Cinta, Cinturão Para Musculação Academia","cinto"
"Cinto Masculino Social Liso 4 Cm 100% Couro Legítimo","cinto"
"Cinto Apache Lilly Sarti Couro Legítimo","cinto"
"Cinto Masculino Alto Relevo 100% Couro Legítimo","cinto"
"Cinto de Couro Trançado Tressê","cinto"
"Peitoral Para Pit Bull, Bull Terrie E Outras Raças","peitoral"
"Carteira De Couro Masculina 100% Legítimo! Lisa","carteira"
"Bolsa Feminina Abertura Tripla Couro Legítimo","bolsa"
"Cinto Feminino Largo 100% Couro Legítimo Artesanal","cinto"
"Cinto Masculino Soleta Cido 100% Couro Legítimo","cinto"
"Cinto Feminino Liso 100% Couro Legítimo Artesanal","cinto"
"Cinto De Couro Soleta 4 Cm De Largura 100% Couro Legítimo","cinto"
"Cinto Masculino Baixo Relevo 100% Couro Legítimo","cinto"
"Cinto Country Couro Legítimo","cinto"
"bolsa/carteira miz","bolsa"